student_id,is_female,is_rural_student,is_small_family,are_parents_separated,mothers_education,fathers_education,traveltime,studytime,has_extra_school_support,has_extra_family_support,has_paid_tutoring,has_ec_activities,attended_prek,is_interested_in_university,has_internet_access,has_romantic_relationship,quality_of_family_relationships,free_time_after_school,daily_alcohol_use,weekly_alcohol_use,health_rating,G3_grade
1,1,0,0,1,4,4,2,2,1,0,0,0,1,1,0,0,4,3,1,1,3,D
2,1,0,0,0,1,1,1,2,0,1,0,0,0,1,1,0,5,3,1,1,3,D
3,1,0,1,0,1,1,1,2,1,0,0,0,1,1,1,0,4,3,2,3,3,C
4,1,0,0,0,4,2,1,3,0,1,0,1,1,1,1,1,3,2,1,1,5,B
5,1,0,0,0,3,3,1,2,0,1,0,0,1,1,0,0,4,3,1,2,5,C
6,0,0,1,0,4,3,1,2,0,1,0,1,1,1,1,0,5,4,1,2,5,C
7,0,0,1,0,2,2,1,2,0,0,0,0,1,1,1,0,4,4,1,1,3,C
8,1,0,0,1,4,4,2,2,1,1,0,0,1,1,0,0,4,1,1,1,1,C
9,0,0,1,1,3,2,1,2,0,1,0,0,1,1,1,0,4,2,1,1,1,A
10,0,0,0,0,3,4,1,2,0,1,0,1,1,1,1,0,5,5,1,1,5,C
11,1,0,0,0,4,4,1,2,0,1,0,0,1,1,1,0,3,3,1,2,2,B
12,1,0,0,0,2,1,3,3,0,1,0,1,1,1,1,0,5,2,1,1,4,C
13,0,0,1,0,4,4,1,1,0,1,0,1,1,1,1,0,4,3,1,3,5,C
14,0,0,0,0,4,3,2,2,0,1,0,0,1,1,1,0,5,4,1,2,3,C
15,0,0,0,1,2,2,1,3,0,1,0,0,1,1,1,1,4,5,1,1,3,B
16,1,0,0,0,4,4,1,1,0,1,0,0,1,1,1,0,4,4,1,2,2,A
17,1,0,0,0,4,4,1,3,0,1,0,1,1,1,1,0,3,2,1,2,2,B
18,1,0,0,0,3,3,3,2,1,1,0,1,1,1,0,0,5,3,1,1,4,B
19,0,0,0,0,3,2,1,1,0,1,1,1,1,1,1,0,5,5,2,4,5,F
20,0,0,1,0,4,3,1,1,0,0,0,1,1,1,1,0,3,1,1,3,5,C
21,0,0,0,0,4,3,1,2,0,0,0,0,1,1,1,0,4,4,1,1,1,B
22,0,0,0,0,4,4,1,1,0,1,1,0,1,1,1,0,5,4,1,1,5,C
23,0,0,1,0,4,2,1,2,0,0,0,1,1,1,1,0,4,5,1,3,5,B
24,0,0,1,0,2,2,2,2,0,1,0,1,1,1,1,0,5,4,2,4,5,D
25,1,1,0,0,2,4,1,3,1,1,0,1,1,1,1,0,4,3,1,1,5,D
26,1,0,0,0,2,2,1,1,0,1,0,0,0,1,1,0,1,2,1,3,5,C
27,0,0,0,0,2,2,1,1,0,1,0,0,1,1,1,0,4,2,1,2,5,C
28,0,0,0,0,4,2,1,1,0,0,0,0,1,1,1,0,2,2,2,4,1,D
29,0,0,1,1,3,4,1,2,1,1,1,1,1,1,1,0,5,3,1,1,5,C
30,0,0,0,0,4,4,1,2,0,1,1,1,1,1,1,1,4,4,5,5,5,C
31,0,0,0,0,4,4,1,2,0,1,1,0,0,1,1,0,5,4,3,4,5,D
32,0,0,0,0,4,4,2,2,0,1,0,1,1,1,1,0,4,3,1,1,5,B
33,0,1,0,0,4,3,1,2,0,1,0,1,1,1,1,1,4,5,1,1,5,B
34,0,0,1,0,3,3,1,2,0,0,0,1,0,1,1,0,5,3,1,1,2,C
35,0,0,0,0,3,2,1,1,0,1,0,0,0,1,1,0,5,4,1,1,5,C
36,1,0,0,0,2,3,2,1,0,1,0,1,1,1,0,0,3,5,1,1,5,D
37,0,0,1,0,4,3,1,3,0,1,0,1,1,1,1,0,5,4,1,1,4,B
38,0,1,0,1,4,4,2,3,0,1,0,1,1,1,1,1,2,4,1,1,5,C
39,1,1,0,0,3,4,1,3,1,1,0,1,1,1,1,0,4,3,1,1,5,C
40,1,1,0,0,2,2,1,1,1,1,0,1,1,1,0,0,4,3,1,1,2,C
41,1,0,1,0,2,2,2,2,0,1,0,1,0,1,1,1,3,3,1,2,3,D
42,0,0,1,0,4,4,1,1,0,1,0,0,0,1,1,1,5,4,2,4,5,D
43,0,0,0,0,4,4,1,2,0,1,0,1,1,1,1,0,4,3,1,1,5,B
44,0,0,0,0,2,2,1,1,1,1,0,0,1,1,1,0,5,4,1,1,1,D
45,1,0,1,0,2,2,2,2,1,0,0,1,1,1,1,0,4,3,2,2,5,D
46,1,0,1,1,4,3,1,2,1,1,1,1,1,1,1,1,5,2,1,1,5,D
47,1,0,1,1,3,3,1,2,0,1,0,0,1,1,1,0,2,3,1,4,3,C
48,0,0,0,0,4,3,1,4,0,0,0,1,1,1,1,0,4,2,1,1,2,A
49,0,0,0,0,4,2,1,2,0,1,0,0,1,1,0,0,4,3,2,2,5,C
50,1,0,0,0,4,4,1,2,1,1,0,1,0,1,1,0,4,4,1,1,3,C
51,1,0,1,0,2,2,3,2,0,1,0,0,1,1,1,0,4,3,2,3,4,C
52,1,0,1,0,4,2,1,2,0,1,0,0,1,1,1,0,4,3,1,1,5,A
53,0,0,1,1,4,2,2,1,0,0,0,0,1,1,0,0,5,5,3,4,5,F
54,1,0,0,0,4,4,1,1,1,1,0,0,1,1,1,0,3,3,2,3,5,C
55,1,0,1,1,3,3,1,1,0,0,0,0,1,1,1,0,5,3,4,4,1,C
56,1,0,0,1,2,1,1,2,0,0,0,1,1,1,1,1,5,3,1,1,2,C
57,1,0,0,1,4,3,1,2,0,1,0,1,1,1,1,0,4,3,1,1,1,B
58,0,0,0,0,4,4,1,2,0,1,0,1,1,1,0,0,3,2,1,1,5,A
59,0,0,1,0,1,2,1,2,1,1,0,1,1,1,1,0,4,3,1,1,5,B
60,1,0,0,0,4,2,1,2,0,1,1,0,1,1,1,0,4,2,1,1,5,A
61,1,1,0,0,4,4,1,2,0,1,0,1,1,1,0,0,2,4,2,3,4,A
62,1,0,0,0,1,1,4,1,1,1,0,1,0,1,1,1,5,5,5,5,5,A
63,1,0,1,0,1,2,1,2,1,0,0,1,1,1,1,0,4,4,1,1,1,D
64,1,0,0,0,4,3,1,3,1,1,0,1,1,1,1,0,3,4,2,4,4,C
65,1,0,1,0,4,3,1,2,1,0,0,1,1,1,1,1,4,4,2,4,2,C
66,1,0,1,0,4,3,3,2,0,1,0,1,1,1,1,0,5,4,1,2,1,A
67,0,0,0,1,4,4,1,4,0,1,0,1,0,1,1,1,1,3,5,5,3,C
68,1,0,0,0,3,1,1,4,1,1,0,0,1,1,1,0,4,3,1,2,5,D
69,1,1,1,0,2,2,2,2,1,1,0,0,1,1,1,0,4,1,1,3,4,D
70,1,1,1,0,3,1,2,4,0,1,0,0,0,1,1,0,4,4,2,3,3,B
71,0,0,0,0,3,1,2,4,0,1,0,0,1,1,1,0,4,3,1,1,5,D
72,0,0,0,0,4,2,1,4,0,0,0,0,1,1,1,0,3,3,1,1,3,D
73,1,1,0,0,1,1,1,2,1,1,0,0,0,1,1,1,3,3,2,4,5,D
74,0,0,0,0,3,1,1,1,0,0,0,1,1,1,0,0,5,3,2,2,5,B
75,1,0,0,0,3,3,1,2,1,1,0,1,1,1,1,0,4,3,2,4,5,D
76,0,0,0,0,4,3,1,2,0,1,0,1,1,1,1,0,4,3,2,3,5,D
77,0,0,0,0,4,0,2,4,0,0,0,1,1,1,1,0,3,4,1,1,1,D
78,1,0,0,0,2,2,1,4,0,0,0,0,1,1,1,1,5,2,1,3,3,C
79,0,0,0,0,2,1,2,1,1,1,0,1,1,0,1,0,4,5,1,1,3,D
80,1,0,0,0,3,4,1,2,0,1,0,0,1,1,1,0,2,4,1,2,3,D
81,0,0,0,0,2,3,1,1,1,1,0,1,0,1,1,1,3,2,1,3,3,C
82,0,0,0,0,2,3,1,3,1,0,0,0,0,1,1,0,5,3,1,2,5,F
83,1,0,1,0,3,2,1,2,0,1,0,0,1,1,1,0,4,4,1,1,5,D
84,0,0,1,0,2,2,2,2,0,0,1,1,1,1,1,0,5,3,1,3,4,C
85,1,0,0,0,1,1,1,2,0,1,0,1,0,1,1,0,4,3,2,3,4,C
86,1,0,0,0,4,4,2,2,0,0,0,0,1,1,1,1,4,4,2,3,5,C
87,1,0,1,0,2,2,1,2,0,1,0,0,1,1,0,0,4,3,1,2,2,D
88,1,0,0,0,4,2,1,3,0,1,0,1,1,1,1,0,5,3,1,3,1,B
89,0,0,0,0,2,2,2,2,0,0,0,1,0,1,1,0,4,4,1,1,3,D
90,0,0,1,1,4,4,1,2,0,1,0,0,1,1,0,0,4,1,3,5,5,D
91,1,0,0,0,3,3,1,3,0,1,0,0,1,1,1,1,4,3,1,3,4,D
92,1,0,0,0,4,3,1,1,0,0,0,1,1,1,1,0,4,5,1,3,1,C
93,1,0,1,0,3,1,1,2,1,1,0,0,1,1,0,0,3,3,2,3,2,C
94,1,0,0,0,4,2,2,2,0,1,0,1,1,1,1,0,5,3,1,1,1,B
95,0,0,1,0,2,2,1,4,0,1,0,1,1,1,1,0,4,3,1,1,4,C
96,1,1,0,0,1,1,2,4,1,1,1,1,1,1,1,0,3,1,1,1,1,C
97,0,1,0,0,4,3,2,1,1,1,1,1,0,1,1,0,3,3,1,1,4,D
98,1,0,0,0,2,1,1,2,0,1,0,0,1,1,0,1,4,3,1,1,5,C
99,1,0,0,0,4,4,1,1,0,0,0,1,0,1,1,0,5,3,1,2,1,C
100,1,0,0,0,4,3,1,3,1,1,0,0,1,1,1,0,5,3,1,1,3,C
101,0,0,0,0,4,4,1,1,1,1,0,1,1,1,1,0,4,5,5,5,4,F
102,0,0,0,0,4,4,1,3,0,1,0,1,1,1,1,1,4,4,1,1,4,A
103,0,0,0,0,4,4,1,1,0,1,1,1,0,1,1,0,5,3,1,1,5,C
104,1,0,0,0,3,2,2,2,1,1,0,0,1,1,1,0,4,3,1,1,2,D
105,0,0,0,1,3,4,1,2,0,1,0,1,1,1,1,0,5,4,1,1,1,A
106,1,0,0,1,3,3,1,4,1,0,0,0,1,1,0,0,4,3,1,1,4,D
107,1,0,0,0,2,2,1,4,1,1,0,0,1,1,1,0,5,1,1,1,3,D
108,0,0,0,0,3,3,1,3,0,1,0,1,1,1,1,0,5,3,1,1,5,B
109,0,1,0,0,4,4,4,4,0,1,0,1,1,1,1,1,1,3,3,5,1,D
110,1,0,1,0,4,4,1,3,0,1,0,1,1,1,1,1,5,4,1,1,4,B
111,0,0,1,1,4,4,1,1,0,0,0,1,1,1,1,0,5,5,1,1,4,B
112,1,1,0,0,3,3,1,3,1,1,0,1,1,1,1,0,4,1,1,1,2,D
113,1,0,0,0,2,2,1,2,1,0,0,1,1,1,1,0,3,1,1,1,5,D
114,0,0,1,0,4,2,1,1,0,0,0,0,1,1,1,0,3,5,1,1,3,A
115,0,1,0,0,2,1,1,2,0,0,0,1,1,1,1,1,5,4,1,1,5,D
116,0,0,0,0,4,4,1,2,0,1,0,1,1,1,1,0,5,4,1,2,5,B
117,0,0,0,0,4,4,2,2,0,1,0,1,1,1,0,0,4,4,1,1,2,A
118,0,0,0,0,3,3,2,1,0,0,0,1,1,1,1,0,5,4,1,1,5,B
119,0,1,0,0,1,3,3,2,0,1,0,1,1,1,1,0,5,2,1,4,5,D
120,0,0,0,0,3,4,1,1,0,0,0,0,1,1,1,0,3,4,1,2,4,B
121,1,0,0,0,1,2,1,2,0,0,0,0,0,1,1,0,3,2,1,2,1,B
122,0,0,0,0,2,2,1,4,0,1,0,1,1,1,1,0,5,5,1,2,5,C
123,1,0,1,0,2,4,2,2,0,1,0,1,1,1,1,1,4,2,1,2,5,C
124,0,0,0,0,4,4,1,1,0,1,0,1,1,1,1,0,3,4,1,4,5,C
125,1,0,0,0,2,2,1,2,0,0,0,0,1,1,1,1,5,4,1,1,5,D
126,0,0,0,0,3,4,1,1,1,0,0,0,1,1,1,0,5,5,3,2,5,F
127,1,0,1,1,3,4,1,2,1,0,0,1,1,1,1,1,5,3,1,1,1,D
128,1,0,0,0,0,1,1,2,0,1,0,0,0,0,0,0,3,4,1,1,5,D
129,0,1,0,0,4,4,1,1,0,0,0,1,1,1,1,0,3,5,2,5,4,B
130,0,0,0,0,2,3,2,3,0,1,0,0,0,1,1,1,3,2,2,2,1,C
131,1,1,0,0,3,4,2,3,0,1,0,0,1,1,1,1,4,2,2,2,5,C
132,1,0,0,0,2,1,1,2,0,1,0,1,1,0,1,1,5,4,1,3,5,F
133,1,0,1,1,2,1,3,1,0,1,0,0,1,1,1,0,3,2,1,2,5,D
134,1,0,0,0,1,1,3,1,0,1,0,1,0,1,1,1,4,3,1,2,4,C
135,1,0,1,0,2,2,1,1,0,1,0,0,1,1,1,1,3,4,1,3,5,C
136,1,0,0,1,3,4,1,1,0,0,0,0,1,1,1,0,3,2,1,4,5,B
137,0,0,0,0,2,1,4,1,0,0,0,0,1,1,0,0,3,2,1,1,2,D
138,1,0,0,1,2,2,1,1,0,0,0,0,1,1,0,0,5,3,1,1,5,D
139,0,1,0,0,3,4,4,2,0,1,0,0,1,1,0,1,5,3,1,1,5,D
140,1,0,0,0,4,4,1,3,0,1,0,1,1,1,1,1,4,3,1,1,5,B
141,0,1,0,0,3,4,3,2,0,0,0,0,1,1,0,0,5,4,2,4,5,D
142,1,1,0,0,1,1,4,2,0,1,0,0,1,1,0,0,5,1,1,1,3,C
143,0,0,1,0,3,1,2,1,0,0,0,1,1,1,1,1,3,3,4,5,4,C
144,1,0,0,1,3,2,1,3,0,1,0,1,0,1,1,1,4,3,5,1,5,D
145,1,1,0,0,1,1,2,1,0,1,0,1,1,1,0,1,3,3,1,2,1,D
146,1,0,0,1,3,3,2,1,0,1,0,1,0,1,1,1,4,3,1,1,5,D
147,0,0,1,0,1,1,1,2,0,0,0,0,1,1,0,1,4,4,1,3,5,D
148,1,0,0,0,4,4,2,1,0,0,0,1,1,1,1,0,4,3,1,1,5,B
149,1,1,0,0,1,1,3,1,0,0,0,1,1,1,1,1,5,5,1,1,1,F
150,0,0,0,0,4,3,2,4,1,1,0,0,1,1,1,0,2,2,1,1,3,D
151,1,0,0,1,3,3,1,2,0,0,0,0,0,1,0,1,1,3,2,3,1,F
152,0,0,0,0,4,4,1,3,0,1,0,1,1,1,1,0,5,3,1,3,5,C
153,0,0,1,0,2,2,2,1,0,1,0,1,1,1,1,0,2,3,2,2,2,D
154,1,0,0,0,4,4,1,3,0,1,0,1,1,1,1,0,4,2,1,1,5,C
155,1,0,1,0,1,1,1,1,0,0,0,0,1,1,1,0,3,4,3,3,1,D
156,0,0,0,0,2,1,1,1,0,1,0,0,1,1,1,0,5,4,1,2,5,F
157,1,0,0,0,1,1,1,2,0,1,0,0,1,1,1,0,4,4,1,2,5,C
158,1,0,1,1,2,1,2,1,0,1,0,1,1,0,1,1,4,4,1,1,5,D
159,1,0,0,0,3,2,1,2,0,1,0,0,1,1,1,0,3,3,1,1,3,D
160,1,0,0,0,1,2,1,2,0,1,0,0,0,1,1,0,4,3,1,1,5,C
161,1,0,0,0,1,2,1,2,0,0,0,0,0,1,0,1,2,3,2,4,1,D
162,0,0,0,0,4,4,1,1,0,1,0,0,1,0,1,1,3,3,2,1,5,F
163,0,0,1,1,2,1,4,1,0,0,0,0,1,1,1,0,4,5,2,5,5,D
164,0,0,1,0,1,1,1,1,0,0,0,0,1,0,1,1,2,3,2,5,4,F
165,0,0,1,0,2,1,1,1,0,0,0,1,1,1,0,1,4,4,3,5,5,D
166,1,1,0,0,3,3,2,3,0,1,1,1,1,1,1,1,4,2,2,3,3,C
167,0,0,0,0,3,2,1,1,0,1,0,0,1,0,1,1,4,5,1,1,4,D
168,1,0,0,0,4,4,1,1,1,1,0,0,1,1,0,1,4,2,1,1,4,C
169,0,1,0,0,2,3,1,2,1,0,1,1,1,1,0,0,4,4,1,1,1,F
170,0,1,1,0,1,2,1,1,0,0,0,0,1,1,0,0,2,2,3,3,5,D
171,1,1,0,0,1,1,3,1,0,1,0,1,0,1,0,0,5,2,1,5,4,D
172,0,1,0,0,2,2,3,1,0,0,0,0,0,1,0,0,4,2,1,2,3,D
173,0,0,0,0,3,3,1,2,0,1,0,0,1,1,1,1,4,5,4,4,5,F
174,0,0,1,0,1,2,2,1,0,0,0,0,0,1,1,0,4,4,3,5,5,D
175,0,1,1,0,2,1,2,1,0,0,1,1,1,0,1,1,3,3,2,2,5,F
176,0,1,0,0,3,2,2,2,1,1,0,0,1,1,1,1,4,4,1,4,3,F
177,0,0,1,0,1,2,2,1,0,0,0,1,1,1,0,0,4,4,2,4,5,D
178,0,0,0,0,1,3,1,1,0,0,0,0,1,0,1,0,5,3,1,4,2,F
179,0,1,1,0,1,1,4,2,0,0,0,1,1,0,0,1,5,3,1,5,5,F
180,0,0,0,0,3,2,2,1,0,1,0,1,0,0,0,0,4,5,1,1,2,F
181,0,0,0,0,2,2,1,2,0,0,0,0,1,0,1,0,4,3,2,4,4,D
182,1,0,0,0,4,2,1,2,0,0,0,0,1,1,1,1,4,2,1,1,3,A
183,1,0,0,0,2,2,1,2,0,1,0,0,0,1,1,0,5,1,1,1,4,C
184,1,0,0,0,4,4,1,2,0,1,0,0,1,1,1,1,4,4,1,1,3,A
185,0,0,0,0,3,4,3,1,0,1,0,1,0,1,1,0,3,4,2,4,2,D
186,0,0,0,0,1,0,2,2,0,1,0,1,1,1,1,1,4,3,1,1,3,A
187,0,0,1,0,4,4,1,2,0,1,0,1,1,1,1,0,4,4,1,3,5,D
188,1,0,0,0,1,3,1,2,0,0,0,1,0,1,1,1,4,3,1,1,3,C
189,1,0,1,0,3,3,2,2,0,1,0,1,1,1,1,0,4,4,1,1,4,B
190,0,0,1,0,4,3,2,2,0,0,0,1,1,1,1,0,4,4,4,4,4,D
191,1,0,0,0,2,2,2,2,0,0,0,1,0,1,1,0,3,4,1,4,5,B
192,0,0,0,0,3,3,1,2,0,0,0,1,0,1,1,0,4,3,1,4,4,D
193,0,1,0,0,4,2,1,1,0,1,0,1,1,1,1,1,4,3,3,4,3,D
194,0,0,0,0,4,3,1,2,0,1,1,1,1,1,1,1,5,2,1,1,2,C
195,0,0,0,0,4,3,1,2,0,1,1,1,1,1,1,0,3,4,2,3,3,D
196,0,0,0,0,3,3,1,2,0,0,0,1,1,1,1,1,4,2,1,2,3,C
197,1,0,0,0,2,4,1,2,0,1,0,1,1,1,0,0,5,4,2,3,5,A
198,1,0,1,0,3,3,1,2,0,1,0,1,1,1,1,1,5,3,2,3,1,B
199,1,0,0,0,3,2,1,2,0,1,0,0,1,1,1,0,1,2,1,2,1,A
200,0,0,0,0,3,3,1,2,0,1,0,1,1,1,1,1,4,3,2,3,4,B
201,0,0,0,0,1,2,1,1,0,1,0,1,1,1,1,1,3,3,1,2,3,D
202,0,0,1,0,2,1,1,2,0,0,0,1,1,1,1,1,4,2,1,2,5,A
203,1,0,0,1,3,3,1,2,0,1,0,0,0,1,1,1,3,3,1,3,3,B
204,0,1,0,0,1,2,1,2,0,0,0,0,1,1,0,0,3,1,1,5,3,D
205,1,0,0,0,2,3,1,2,0,0,0,0,1,1,1,0,4,3,1,1,2,C
206,1,0,0,0,1,1,1,2,0,0,0,1,1,1,1,0,5,3,1,1,3,C
207,0,0,0,0,1,2,2,2,0,0,0,1,0,1,1,0,4,4,4,5,5,C
208,0,1,0,0,3,3,1,1,0,1,0,1,1,1,1,0,4,3,3,4,5,D
209,0,0,0,0,2,3,2,1,0,0,0,0,1,1,1,0,5,3,1,1,3,C
210,1,0,1,0,2,4,1,2,0,0,0,1,1,1,1,1,4,3,1,1,5,A
211,0,0,0,0,4,4,1,1,0,0,0,0,1,1,1,0,5,2,1,2,5,B
212,0,1,1,0,3,3,3,1,0,1,0,1,1,1,1,0,3,3,3,5,3,C
213,1,0,0,0,4,4,2,1,0,1,0,0,1,1,1,0,4,2,2,3,2,A
214,1,0,1,0,4,4,1,2,0,1,0,0,1,1,1,0,4,5,1,2,3,D
215,1,0,0,0,4,3,1,2,0,1,0,1,1,1,1,0,4,3,1,5,2,B
216,1,0,0,0,2,3,1,2,1,1,0,1,1,1,0,0,4,4,1,3,4,C
217,1,0,0,0,1,1,1,2,0,1,0,0,0,1,0,0,4,4,1,3,1,B
218,1,1,0,0,2,2,1,1,0,1,0,0,1,1,1,0,5,3,1,2,3,C
219,1,1,0,0,2,2,2,4,0,1,0,1,0,1,1,0,5,3,1,1,5,C
220,1,0,0,0,3,4,1,3,0,1,1,0,1,1,1,1,4,4,3,4,5,F
221,1,0,0,1,3,1,1,2,0,1,0,0,1,1,1,0,2,3,2,2,4,C
222,1,0,0,0,4,3,1,2,0,0,0,1,1,1,1,1,1,3,1,1,1,B
223,1,0,0,0,1,1,2,1,0,1,0,0,1,1,0,0,4,3,1,4,5,C
224,1,1,0,0,4,3,2,3,0,1,0,1,1,1,1,1,4,4,1,1,4,C
225,1,0,0,0,3,3,1,4,0,1,0,1,1,1,1,0,4,3,1,2,3,C
226,0,0,1,0,4,4,1,2,0,1,0,0,1,1,1,1,5,3,4,5,3,C
227,1,0,0,1,2,2,1,2,1,1,0,0,1,1,1,0,3,3,1,1,4,C
228,0,0,0,0,2,2,1,2,0,1,0,1,1,1,1,0,4,4,2,4,5,D
229,1,1,1,0,4,4,1,1,0,1,0,0,1,1,0,0,5,2,1,2,3,D
230,1,0,1,0,3,2,2,2,0,0,0,0,1,1,1,0,4,4,1,3,1,B
231,1,0,0,0,4,3,1,2,0,0,0,0,1,1,1,1,3,4,2,4,1,D
232,0,0,1,0,3,3,1,2,0,1,0,0,1,1,1,0,3,2,2,4,4,D
233,1,0,0,0,2,3,2,1,0,1,0,0,1,1,0,0,3,3,1,4,3,C
234,1,0,0,0,2,2,1,3,0,1,0,1,1,1,1,0,4,3,1,1,4,C
235,1,1,0,0,2,1,2,2,0,1,0,1,1,1,1,0,4,2,1,2,5,D
236,1,0,0,0,1,1,1,3,0,1,0,1,1,1,0,1,4,3,1,1,5,C
237,1,0,0,0,2,3,1,2,1,0,0,0,1,1,1,0,2,3,1,1,3,B
238,0,0,0,0,2,2,2,2,0,1,1,0,1,1,1,0,3,3,5,5,4,D
239,1,0,0,0,4,4,1,3,0,1,0,1,0,1,1,0,5,3,1,1,5,A
240,1,1,0,0,3,1,1,2,0,0,0,1,1,1,1,1,5,3,1,1,4,F
241,1,0,0,0,3,2,1,2,0,0,0,1,0,1,1,0,5,3,1,3,3,A
242,0,0,1,0,2,3,1,2,0,1,0,0,0,1,1,0,5,3,1,3,3,D
243,0,0,1,0,2,1,4,2,1,1,0,1,1,1,1,1,4,3,4,5,3,D
244,1,0,0,1,2,1,2,3,0,0,0,1,1,1,1,1,3,2,1,2,3,A
245,1,0,1,0,4,3,1,2,0,0,0,1,1,1,1,1,3,2,1,2,3,C
246,0,1,0,0,2,2,2,2,0,1,0,1,1,1,1,0,4,5,1,1,1,C
247,0,0,0,0,4,4,1,2,1,1,0,1,1,1,1,1,4,5,1,3,2,C
248,0,0,0,0,4,4,1,2,0,1,0,1,1,1,1,0,4,2,2,4,1,B
249,0,0,1,0,1,1,2,2,0,1,0,0,1,1,1,0,3,4,1,1,5,F
250,0,0,0,0,3,2,2,3,0,0,0,1,1,1,1,1,5,3,1,3,2,C
251,0,0,1,0,2,2,1,2,0,0,0,1,0,1,1,1,4,4,5,5,4,A
252,1,0,0,0,2,1,1,1,0,0,0,0,1,1,1,1,4,5,1,1,5,D
253,1,0,0,1,4,1,1,2,0,0,0,1,1,1,1,1,5,3,1,2,5,C
254,1,0,1,1,2,4,2,2,0,1,0,0,1,1,1,0,4,3,1,1,3,D
255,1,0,1,0,2,2,1,2,0,1,0,0,0,1,1,1,5,3,1,1,5,D
256,1,0,0,0,3,3,2,1,0,0,0,0,1,0,1,0,4,1,1,1,3,F
257,0,0,0,0,2,2,1,1,0,1,0,1,0,0,1,1,4,4,2,2,1,F
258,0,0,0,0,4,4,1,1,0,1,0,1,0,1,1,0,4,2,1,2,5,F
259,1,0,0,0,3,2,1,2,0,0,0,1,1,1,0,0,5,4,1,1,3,B
260,1,0,1,0,1,1,1,3,0,1,0,1,1,1,1,1,4,3,1,2,4,D
261,1,0,0,0,1,2,1,1,0,0,0,0,1,0,1,0,5,3,1,2,5,D
262,1,1,0,0,2,1,3,2,0,0,0,1,1,1,0,0,2,1,1,1,3,C
263,1,1,1,1,1,4,4,1,0,1,0,0,1,1,1,0,5,5,1,1,5,F
264,0,0,0,0,2,2,1,2,0,0,0,0,1,0,1,0,5,5,3,5,2,F
265,1,0,1,1,2,2,1,1,0,1,0,0,0,0,1,0,3,1,1,1,1,D
266,1,1,1,0,1,1,2,3,0,0,0,1,1,1,1,0,4,3,1,3,5,B
267,1,0,1,1,4,2,1,2,0,1,0,1,1,1,0,0,4,3,1,1,4,B
268,0,0,1,0,4,3,2,2,0,0,0,1,1,1,1,1,2,5,1,4,5,B
269,0,1,1,1,4,4,2,2,0,1,0,0,1,1,1,0,3,3,2,3,4,C
270,0,0,1,0,4,3,1,1,0,0,0,1,0,1,1,0,5,4,1,1,3,B
271,0,0,0,0,4,4,1,1,0,0,1,1,1,1,1,0,5,3,1,2,5,B
272,1,0,0,0,4,4,1,2,0,1,1,0,1,1,1,1,5,3,1,4,5,C
273,0,1,0,0,1,1,2,3,0,0,0,0,0,1,1,1,4,3,1,1,1,B
274,1,0,0,0,3,3,2,3,0,1,0,0,1,1,1,1,4,2,2,3,5,D
275,1,0,0,0,1,1,1,2,1,0,0,0,0,1,0,1,4,3,1,1,4,D
276,1,0,0,0,2,1,2,3,0,1,0,0,0,1,1,1,4,4,1,1,3,D
277,0,0,0,0,2,1,3,1,0,0,0,0,1,1,1,0,4,3,1,1,4,A
278,1,0,0,0,1,1,1,2,0,1,0,0,1,1,0,0,4,3,1,2,5,D
279,0,0,0,0,2,3,2,1,0,0,0,0,1,1,1,0,5,2,1,1,2,C
280,0,0,0,0,3,1,1,1,0,0,0,0,0,0,1,1,5,4,5,5,1,F
281,0,1,1,0,3,3,1,2,0,1,0,0,1,1,1,1,4,3,1,3,5,D
282,0,0,0,0,0,2,1,1,0,0,0,0,0,1,1,0,4,3,2,4,5,D
283,0,0,0,0,3,2,2,1,0,0,0,0,1,0,1,0,4,4,2,4,5,F
284,0,0,0,0,3,3,3,2,1,1,0,0,0,1,1,0,5,3,1,3,2,D
285,0,0,0,0,2,1,1,1,0,0,0,0,0,0,1,0,3,2,2,5,5,F
286,0,1,0,0,2,1,2,1,0,0,0,1,0,1,0,0,3,3,1,3,3,C
287,0,1,0,0,2,1,1,1,0,0,0,0,0,1,1,0,4,4,2,4,5,C
288,0,0,1,0,1,1,2,1,0,1,0,1,1,1,1,0,4,4,1,2,5,D
289,1,0,1,1,2,1,1,2,0,1,0,0,0,1,1,1,4,3,1,3,5,C
290,1,0,1,0,4,2,1,4,0,1,0,1,1,1,1,0,4,2,1,1,4,A
291,1,0,0,0,2,2,1,2,0,1,0,0,1,1,1,0,4,3,1,1,5,D
292,0,0,1,0,2,1,3,2,0,0,0,1,0,0,1,0,4,4,4,4,5,D
293,1,1,0,0,4,2,1,3,0,1,0,1,1,1,1,0,4,3,1,3,5,B
294,1,0,1,0,1,1,1,3,0,1,0,0,0,1,0,0,4,4,2,3,3,B
295,1,1,0,0,2,2,1,2,1,0,0,0,1,1,0,0,3,2,1,1,5,C
296,0,0,1,1,4,3,1,2,0,1,0,0,1,1,1,0,4,3,1,1,1,B
297,0,0,0,0,2,1,1,2,0,0,0,1,1,1,1,0,5,2,1,2,4,A
298,0,1,0,0,2,2,2,1,0,0,0,0,0,0,0,0,5,2,1,1,4,D
299,1,0,1,0,2,2,1,4,0,0,0,1,1,1,1,1,3,4,1,1,2,C
300,1,1,0,0,2,1,2,2,0,1,1,1,1,0,1,1,1,2,1,2,2,C
301,1,0,0,0,4,3,1,2,0,1,0,0,1,1,1,1,3,1,1,3,2,B
302,0,0,0,0,4,3,1,2,0,1,0,0,0,1,1,0,4,3,1,1,3,D
303,0,1,0,0,3,2,1,3,0,0,0,1,0,1,0,0,5,3,1,1,3,C
304,1,0,0,0,3,3,1,3,0,0,0,1,0,1,0,0,3,2,1,1,4,C
305,1,0,0,0,2,2,1,3,0,1,0,1,1,1,1,1,4,3,1,1,3,C
306,0,0,0,0,2,2,2,1,0,0,0,0,1,0,1,0,4,4,2,3,4,F
307,0,1,1,1,3,4,2,2,0,1,0,1,1,1,1,0,4,2,3,4,1,A
308,0,0,0,0,3,1,1,2,0,0,0,1,1,1,1,1,5,4,3,4,5,B
309,1,1,0,0,4,4,2,2,0,0,0,1,1,1,1,0,4,3,2,2,4,C
310,0,0,0,0,4,2,1,2,0,1,0,1,1,1,1,1,5,4,1,3,5,B
311,1,1,0,0,2,1,2,2,0,1,0,0,1,0,1,1,4,3,1,2,3,D
312,1,0,0,0,3,3,1,2,0,1,0,1,1,1,1,0,4,3,3,3,5,C
313,1,0,0,0,2,3,1,4,0,1,0,1,1,1,1,1,4,5,1,3,2,A
314,1,0,1,0,1,1,2,2,0,1,0,0,0,1,0,0,4,4,1,1,3,C
315,0,1,0,0,1,2,1,2,0,1,0,1,0,1,0,1,3,5,2,2,1,A
316,1,0,0,0,2,1,1,2,0,1,0,0,1,1,1,1,4,2,1,2,1,B
317,1,0,0,0,2,4,2,2,0,1,0,0,1,1,1,1,4,3,1,1,1,A
318,1,0,1,0,2,2,2,2,1,1,0,0,1,1,1,1,4,4,2,3,5,C
319,1,1,0,1,3,2,2,2,0,0,0,0,0,0,1,1,4,1,1,1,5,D
320,0,0,0,0,4,4,2,1,0,0,0,1,1,1,1,0,3,2,1,4,3,C
321,1,0,0,0,4,4,1,2,1,1,0,1,1,1,1,1,2,4,1,1,4,C
322,1,0,0,0,2,2,3,3,0,1,0,0,1,1,1,1,4,2,1,1,1,B
323,1,1,0,0,3,2,1,2,1,1,0,0,1,0,1,0,3,3,4,3,3,D
324,0,0,1,0,4,3,2,1,0,0,0,1,1,1,1,0,4,2,1,2,1,D
325,0,0,0,0,1,2,2,1,0,0,0,0,0,0,1,0,3,4,2,4,4,D
326,0,0,1,1,4,1,2,1,0,0,0,1,1,1,1,1,4,5,2,4,5,D
327,0,0,1,1,3,2,1,1,0,0,0,0,1,1,1,0,4,4,3,4,3,C
328,1,1,1,0,1,1,2,4,0,1,0,1,1,1,0,0,5,2,1,1,3,A
329,1,0,0,0,1,1,2,2,1,0,0,1,1,1,1,0,5,4,1,1,4,C
330,1,0,0,0,2,2,1,2,0,1,0,0,0,1,1,0,5,4,1,2,5,B
331,1,0,0,0,2,1,2,2,0,0,0,1,1,1,1,1,4,3,1,1,5,B
332,0,0,0,0,1,1,1,2,0,0,0,0,0,1,1,0,4,3,1,2,4,C
333,1,0,0,0,2,2,1,3,0,1,0,0,1,1,1,0,4,3,1,2,2,A
334,1,0,0,0,1,1,1,3,0,1,0,0,1,1,1,0,4,3,1,1,3,B
335,0,0,0,0,2,1,1,3,0,0,0,1,1,1,1,0,4,2,1,3,2,B
336,0,0,1,1,4,4,1,2,0,1,0,1,1,1,1,0,5,4,1,1,2,A
337,0,0,0,0,4,2,1,2,0,1,0,1,1,1,1,1,4,3,1,4,5,A
338,1,0,0,0,4,3,1,3,0,1,0,0,1,1,1,0,4,2,1,2,3,A
339,1,1,1,0,3,1,2,4,0,1,0,0,1,1,0,0,3,1,1,1,3,A
340,0,1,1,0,3,2,2,3,0,1,0,1,1,1,1,0,5,4,1,1,4,B
341,0,0,0,0,3,3,1,1,0,1,0,0,1,1,1,0,4,4,1,3,5,B
342,1,0,0,0,4,4,2,2,0,1,0,1,1,1,1,0,2,3,2,3,2,C
343,1,0,1,0,4,3,2,2,0,1,0,0,1,1,1,1,4,4,1,2,2,B
344,1,0,0,0,4,3,1,4,0,1,0,0,1,1,1,0,4,3,1,1,3,A
345,0,0,1,0,4,4,1,1,0,1,0,0,1,1,1,1,1,4,2,2,1,A
346,1,0,1,1,4,4,1,2,0,1,1,0,1,1,1,1,4,2,1,1,4,B
347,0,0,1,0,4,4,2,1,0,0,0,0,1,1,1,0,4,1,2,2,5,C
348,1,1,0,0,4,4,2,3,0,1,0,1,1,1,1,0,5,3,1,1,5,F
349,1,0,0,0,4,2,2,3,0,1,0,0,1,1,1,0,4,3,1,1,3,A
350,1,0,0,0,3,2,1,4,0,1,0,1,0,1,1,0,5,2,1,2,5,A
351,0,1,1,0,2,1,2,3,0,0,0,1,1,1,1,1,4,3,1,1,5,D
352,0,0,0,1,3,2,1,1,0,0,0,1,1,1,0,0,5,5,1,1,5,B
353,0,1,0,0,3,3,1,2,0,0,0,1,1,1,0,1,4,5,1,2,5,D
354,1,0,0,0,1,4,1,2,1,1,0,0,0,1,0,1,3,4,1,2,5,D
355,1,0,0,0,2,1,2,2,0,1,0,1,1,1,1,0,5,3,1,2,1,B
356,1,0,0,0,2,3,2,2,0,0,0,1,1,1,1,1,4,2,1,1,3,B
357,1,1,0,0,4,4,1,1,0,0,0,1,1,1,1,0,4,4,1,1,5,A
358,1,0,0,0,4,3,1,3,0,1,0,1,1,1,1,1,4,3,1,1,5,A
359,1,0,1,0,4,3,2,1,0,1,0,0,1,1,1,0,3,2,1,4,1,B
360,1,1,0,0,3,4,1,3,0,1,0,1,0,1,1,0,4,3,2,5,5,A
361,1,0,0,0,3,3,1,2,0,1,0,0,1,1,1,0,4,1,1,1,3,B
362,0,0,0,0,4,2,2,2,0,1,0,1,1,1,1,1,5,4,1,1,1,D
363,1,0,0,0,4,4,1,2,0,1,0,0,1,1,1,0,4,4,3,3,5,C
364,1,0,0,0,3,4,1,1,0,1,0,1,1,1,1,1,5,4,1,1,1,B
365,1,0,0,0,4,4,1,1,0,0,0,1,1,1,1,0,5,3,1,2,5,A
366,1,0,0,1,4,3,1,2,0,1,0,0,1,1,1,1,5,2,1,2,5,A
367,1,0,1,1,3,3,1,2,1,1,0,0,1,1,1,0,5,3,1,1,5,C
368,1,0,1,0,2,1,1,2,0,0,0,1,1,1,1,0,4,2,2,2,2,B
369,0,0,1,0,4,4,1,1,0,1,0,0,1,1,1,0,4,2,3,4,5,D
370,1,0,0,0,1,1,3,3,0,0,0,1,1,0,0,1,1,5,4,3,5,D
371,1,0,1,1,1,1,3,2,0,1,0,0,0,1,1,1,5,3,1,1,4,F
372,1,0,0,0,2,2,1,1,0,1,0,1,1,1,1,1,4,3,2,4,5,D
373,1,0,0,0,2,2,1,2,0,1,0,0,1,1,0,1,4,2,1,1,3,C
374,1,1,1,0,2,2,1,3,0,1,0,1,1,1,1,0,3,3,2,2,3,D
375,1,0,0,0,3,1,1,3,0,1,0,0,0,1,1,0,3,4,2,3,5,A
376,1,0,1,0,0,2,2,3,0,0,0,0,1,1,1,0,3,3,2,3,2,B
377,1,0,0,0,1,1,2,3,0,0,0,1,1,1,1,0,4,5,1,2,2,B
378,0,0,0,0,4,4,1,3,0,0,0,1,1,1,1,0,4,3,2,2,3,C
379,0,0,0,0,3,3,1,1,0,0,0,1,0,1,1,0,4,3,3,5,5,A
380,0,1,0,0,2,2,4,1,0,1,0,0,1,1,1,0,4,4,5,5,4,D
381,1,0,0,0,4,4,1,3,0,1,0,1,1,1,1,0,5,4,1,3,4,C
382,1,0,0,0,4,4,2,3,0,1,0,0,0,1,1,1,4,3,1,2,4,B
383,1,0,0,0,3,3,1,1,0,1,1,1,1,1,1,0,4,2,2,5,5,D
384,0,0,1,0,2,2,1,4,0,1,1,1,1,1,1,0,4,5,2,4,5,C
385,0,1,0,0,3,2,1,1,0,1,0,0,0,1,0,1,5,3,2,2,5,D
386,1,0,0,0,2,2,4,2,0,0,0,1,1,1,0,1,4,2,1,1,2,D
387,1,1,0,0,2,4,1,3,0,1,0,0,1,1,1,1,4,4,1,1,5,B
388,0,0,0,0,2,2,1,1,0,0,0,0,0,1,1,0,5,4,1,2,5,B
389,1,0,0,0,3,3,1,2,0,0,0,1,1,1,1,0,5,3,1,1,4,C
390,1,0,1,0,2,2,1,2,0,0,0,1,0,1,1,1,4,3,1,1,2,C
391,1,1,0,0,2,2,2,4,0,0,0,1,1,1,0,0,4,4,1,1,4,B
392,1,0,0,0,3,4,1,3,0,0,0,0,1,1,1,0,4,4,1,3,5,B
393,1,0,0,0,3,2,1,2,0,1,0,0,1,1,1,1,4,3,2,3,2,B
394,1,0,1,0,3,3,1,4,0,1,0,0,1,1,1,0,5,3,1,1,1,B
395,1,1,0,1,3,2,1,2,0,1,0,0,1,1,1,0,4,3,2,3,2,A
396,0,0,0,0,4,4,1,2,0,1,0,1,1,1,1,0,4,3,2,2,2,C
397,0,0,1,0,3,4,1,2,0,0,0,1,1,1,1,1,4,3,1,3,5,A
398,1,0,0,1,2,2,1,2,0,1,0,0,1,1,1,1,3,3,1,2,4,B
399,1,0,0,0,2,3,1,3,0,1,0,0,1,1,1,0,4,3,1,2,3,B
400,1,0,0,0,3,2,1,3,0,0,0,0,1,1,1,1,5,4,2,3,1,A
401,0,1,0,0,4,3,1,3,0,0,0,0,1,1,1,1,5,3,1,2,4,A
402,0,0,0,0,4,3,1,3,0,1,0,0,1,1,1,1,5,4,2,3,5,B
403,1,0,0,0,4,3,1,3,0,1,0,1,1,1,1,1,4,4,1,3,4,C
404,1,0,0,0,2,1,2,2,0,1,0,1,1,1,1,1,4,3,2,2,1,B
405,1,0,0,0,2,1,1,2,0,1,0,1,1,1,1,0,4,3,2,4,4,A
406,1,0,1,1,2,3,2,1,0,0,0,0,1,0,1,0,2,2,3,4,5,D
407,1,0,0,0,3,1,1,1,0,1,1,0,1,1,1,1,4,1,1,1,3,C
408,1,0,1,0,4,4,1,3,0,0,1,1,1,1,1,0,3,3,1,1,5,C
409,0,0,1,0,2,2,1,2,0,1,0,1,0,0,1,0,4,4,1,3,3,C
410,0,0,1,1,3,4,1,2,0,0,0,1,1,1,1,1,4,3,1,4,2,B
411,1,0,0,0,2,2,1,2,0,1,0,1,1,1,1,0,4,3,1,3,4,A
412,0,0,1,1,4,4,1,3,0,1,0,0,1,1,1,0,4,4,1,2,4,B
413,1,0,1,0,4,2,1,2,0,1,0,1,1,1,1,0,4,2,1,1,3,A
414,0,1,1,0,1,1,2,2,0,1,0,1,1,0,1,1,5,3,5,2,4,D
415,1,1,0,0,1,1,2,3,0,0,0,0,1,1,1,1,3,2,1,3,3,B
416,1,0,0,0,4,4,1,1,0,1,0,0,1,1,1,1,3,2,4,4,5,D
417,0,0,1,1,3,2,1,2,0,1,0,0,1,1,1,0,4,4,1,2,5,A
418,1,0,0,0,3,2,1,3,0,1,0,0,1,1,1,1,4,3,1,2,2,A
419,0,1,0,0,2,3,1,1,0,0,0,0,1,1,1,0,3,1,4,5,4,B
420,0,0,0,0,2,1,1,1,0,0,0,0,1,1,1,0,5,3,1,4,4,D
421,1,0,1,1,2,2,2,2,0,1,0,0,1,1,1,0,4,1,1,3,4,A
422,1,0,0,0,1,0,2,1,1,0,0,0,1,1,1,1,5,3,1,1,5,D
423,1,0,0,0,3,2,1,2,0,1,0,1,0,1,1,1,3,1,1,2,1,C
424,1,0,0,0,1,3,2,1,0,1,0,0,1,0,1,1,4,3,1,3,5,D
425,1,1,0,0,2,2,2,2,0,1,0,1,1,1,1,0,4,4,1,1,5,C
426,1,1,0,0,1,1,1,1,0,1,0,0,1,1,0,1,4,1,1,1,2,D
427,1,1,0,0,3,3,2,1,0,1,0,0,1,1,1,0,5,4,2,3,5,D
428,1,1,0,0,2,3,2,2,0,0,0,0,1,1,0,0,4,5,1,2,5,A
429,1,1,1,0,2,1,2,1,0,0,0,0,1,0,0,0,1,3,1,1,1,F
430,0,1,1,1,4,4,1,2,0,1,0,0,1,1,0,0,5,3,1,3,2,D
431,0,0,0,1,1,2,1,3,1,0,0,0,1,1,1,0,4,4,1,1,5,D
432,1,1,0,0,3,2,1,2,0,0,0,0,1,1,0,1,4,5,1,2,5,D
433,1,1,0,0,1,1,1,1,0,1,0,0,0,0,1,0,5,4,2,2,5,F
434,1,1,0,0,4,4,2,1,0,0,0,0,1,1,1,1,1,5,3,5,5,B
435,1,0,1,1,2,2,2,4,0,0,0,1,0,0,0,1,1,2,1,1,1,D
436,1,1,1,0,1,1,2,2,0,1,0,0,1,1,1,0,5,4,1,2,4,D
437,1,1,1,0,1,1,2,1,0,1,0,0,1,1,1,1,4,4,1,2,2,F
438,1,1,0,0,0,2,2,1,0,1,0,1,1,1,0,0,3,2,1,2,2,C
439,1,1,0,0,2,3,2,1,0,1,0,0,1,1,1,0,5,5,1,3,3,C
440,1,1,0,0,3,3,2,1,0,0,0,0,0,1,1,0,4,1,1,1,4,A
441,0,0,0,0,1,1,2,2,0,1,0,1,1,1,0,1,5,4,4,5,3,F
442,0,0,0,0,1,1,1,2,0,0,1,0,0,1,1,0,4,4,2,4,5,F
443,0,1,1,0,4,1,1,2,0,1,0,1,1,1,1,0,5,3,1,2,2,B
444,0,1,1,0,4,1,1,2,0,1,0,1,1,1,1,0,5,3,1,2,2,F
445,0,1,0,0,3,4,3,2,0,0,0,0,0,1,0,0,3,4,1,2,5,D
446,0,1,0,0,1,1,4,2,0,1,0,1,1,1,0,1,5,4,2,4,4,F
447,0,0,1,0,3,3,1,2,0,1,0,1,1,1,1,0,5,3,1,1,5,D
448,0,1,0,0,2,1,3,1,0,0,0,1,1,0,0,1,5,5,5,5,3,F
449,1,1,0,0,4,4,2,3,0,0,0,1,1,1,1,1,4,2,1,1,4,A
450,1,1,0,0,1,2,2,1,0,0,0,0,1,1,0,0,5,1,1,1,1,C
451,1,1,0,0,2,3,3,2,0,1,0,0,1,1,1,0,4,5,1,2,1,B
452,0,1,0,0,1,2,2,2,0,0,0,0,1,1,0,0,4,3,1,1,5,D
453,1,1,0,0,2,2,3,2,0,1,0,0,1,1,1,0,4,4,1,1,4,D
454,1,0,0,0,1,2,1,3,0,1,0,0,1,1,0,0,1,3,1,2,4,F
455,1,0,0,0,1,2,1,3,0,1,0,0,1,1,0,0,1,3,1,2,4,F
456,1,0,0,0,2,1,1,2,1,1,0,0,0,1,1,0,4,4,3,3,2,F
457,1,0,0,0,1,1,1,2,0,1,0,0,0,1,0,1,5,4,2,1,2,B
458,0,1,1,0,1,2,1,1,0,1,0,1,1,1,1,0,5,5,5,5,3,D
459,1,1,0,0,1,1,4,4,0,1,0,0,0,1,1,0,4,3,1,1,1,C
460,1,1,0,0,1,1,4,3,1,1,0,0,1,1,0,0,4,4,1,1,5,D
461,1,1,0,0,1,1,2,2,0,1,0,1,1,1,1,0,4,3,1,1,2,D
462,1,1,0,0,1,1,2,1,0,0,0,1,1,1,1,1,4,2,4,3,2,B
463,1,1,0,0,1,1,3,2,0,1,0,0,1,1,0,0,4,2,1,2,2,B
464,1,1,1,0,2,2,1,3,1,1,0,0,1,1,0,0,4,4,2,2,5,C
465,0,1,0,0,1,1,2,1,0,0,0,1,1,1,0,0,3,4,3,4,5,D
466,1,0,0,0,1,2,1,2,0,1,0,1,1,1,1,1,3,4,2,3,5,F
467,0,0,0,0,3,1,2,1,0,1,0,0,1,1,0,0,3,2,1,3,4,D
468,1,1,0,0,2,2,3,2,0,1,0,1,1,1,1,0,5,3,1,1,2,B
469,0,0,0,0,2,2,3,1,0,0,0,0,1,1,0,0,4,3,1,2,4,C
470,0,0,0,0,4,4,1,2,0,1,0,1,1,1,0,1,4,3,1,1,3,C
471,1,1,0,0,3,3,1,2,0,1,0,0,1,1,1,1,4,5,1,1,1,C
472,1,1,0,0,2,2,2,2,0,1,0,1,0,1,0,0,4,4,2,3,5,C
473,1,1,1,0,2,2,3,1,0,1,0,1,1,1,0,1,4,3,1,1,4,A
474,0,0,1,0,2,1,2,1,0,1,0,1,1,1,1,0,2,4,2,3,4,D
475,0,1,1,0,1,3,3,1,0,1,0,1,1,1,1,0,4,2,3,5,3,D
476,1,0,0,0,2,2,2,3,0,1,0,1,1,1,0,0,5,3,1,1,4,B
477,1,1,1,0,2,1,1,1,0,1,0,0,1,1,1,1,5,4,1,1,5,F
478,0,0,0,0,3,3,2,1,0,1,0,1,0,1,1,0,4,3,2,4,3,D
479,1,1,0,0,1,1,2,2,1,1,0,0,1,1,0,0,3,4,1,1,1,F
480,1,0,0,0,2,2,1,1,0,1,0,1,1,0,0,0,4,5,1,1,5,D
481,1,0,0,0,2,3,1,1,0,0,0,0,1,0,1,1,4,4,1,1,2,D
482,1,1,0,0,2,1,3,1,0,1,0,1,1,0,0,1,5,5,1,1,3,D
483,1,1,1,0,1,1,2,1,0,1,0,0,1,0,0,1,5,2,1,3,4,F
484,1,1,0,0,2,2,3,2,0,1,0,0,1,0,1,0,3,4,1,2,1,D
485,1,0,1,1,2,2,1,1,0,1,0,0,1,0,0,0,4,3,1,2,1,F
486,1,1,0,0,2,2,2,2,0,1,0,0,1,1,1,0,4,3,1,2,4,D
487,1,0,0,0,2,2,1,1,0,1,1,1,0,1,1,0,4,4,1,4,3,D
488,1,1,1,1,3,2,2,3,0,1,0,0,0,0,0,1,3,3,1,1,2,D
489,1,0,0,0,1,1,1,3,0,0,0,1,1,0,0,1,5,3,1,1,3,F
490,0,1,0,0,1,1,2,1,0,0,0,1,1,0,1,0,4,4,3,4,4,D
491,1,1,0,0,1,1,2,1,0,0,0,0,0,0,1,1,3,2,1,1,2,D
492,1,0,0,0,1,1,2,2,0,1,0,0,1,1,1,1,1,1,4,1,1,F
493,1,1,0,1,2,2,1,2,0,0,0,0,0,1,0,1,3,3,1,1,3,D
494,1,0,0,0,0,1,2,1,0,0,0,1,0,1,0,0,2,4,3,5,5,D
495,1,1,1,0,1,2,1,2,0,0,0,1,1,0,1,0,4,4,1,3,3,F
496,1,0,0,0,3,3,1,1,0,0,0,1,1,0,1,1,4,5,1,1,4,C
497,1,1,1,0,1,1,1,1,0,1,0,1,1,1,1,1,4,4,2,2,4,B
498,0,0,0,0,3,3,2,4,0,1,1,1,1,1,0,0,5,4,3,4,5,D
499,1,0,0,0,2,1,1,2,0,1,0,1,1,1,1,0,5,3,1,1,1,B
500,1,0,0,0,2,2,1,1,0,1,1,1,1,1,0,1,4,2,1,2,5,A
501,0,0,0,0,1,2,1,1,0,1,0,1,1,0,1,1,5,3,5,5,1,F
502,0,0,1,0,4,3,1,1,0,0,0,1,1,1,1,0,4,2,1,5,5,C
503,0,1,1,0,2,2,3,4,0,1,0,0,1,1,0,0,1,3,3,5,3,F
504,1,0,0,0,1,1,1,4,1,1,0,1,1,1,1,0,2,2,1,1,5,B
505,1,0,1,0,2,2,1,3,0,0,0,0,1,1,1,1,5,4,1,1,1,C
506,1,1,0,0,1,1,2,1,0,1,0,1,0,1,1,1,4,4,1,2,5,D
507,1,0,0,0,3,3,2,2,0,0,0,1,1,1,1,1,3,3,2,4,3,D
508,1,0,1,0,1,1,1,3,0,1,0,0,1,1,0,1,4,3,1,1,3,D
509,0,1,0,0,2,2,3,1,0,1,0,0,0,1,1,0,4,4,1,2,5,F
510,1,1,1,0,1,1,3,2,0,1,0,0,1,1,0,0,5,3,1,1,1,A
511,1,1,0,0,2,2,2,2,0,1,0,1,1,1,0,0,5,3,1,1,1,A
512,1,0,0,1,1,0,2,2,0,0,0,0,1,1,1,1,4,4,1,1,4,D
513,1,1,0,0,1,1,1,2,0,1,0,0,1,1,1,1,4,3,1,1,5,F
514,1,0,0,0,3,1,1,1,0,0,0,1,1,1,1,0,3,1,1,3,1,F
515,1,0,0,0,3,2,1,1,0,0,0,0,1,1,1,0,3,1,1,4,3,F
516,1,0,1,0,1,1,2,2,1,0,0,0,1,1,0,0,2,3,1,4,3,D
517,1,1,0,0,4,4,1,2,0,0,0,1,0,1,1,1,4,3,2,3,2,A
518,1,1,1,0,1,2,2,1,0,0,0,1,1,1,1,0,5,4,1,4,2,B
519,1,0,0,1,2,4,1,2,0,1,0,0,1,1,1,0,2,3,1,3,1,F
520,0,1,0,0,2,1,2,2,0,0,0,1,1,1,1,0,5,2,1,1,2,F
521,1,0,1,0,1,1,3,2,0,1,0,0,1,1,1,0,4,3,1,3,5,F
522,1,1,0,0,2,3,2,2,0,1,0,1,1,1,1,0,3,3,1,1,2,D
523,1,0,0,0,4,4,1,2,0,1,0,0,1,1,1,1,4,3,1,2,3,F
524,0,0,1,0,4,4,1,4,0,1,0,1,1,0,1,1,5,5,5,5,5,F
525,1,1,1,0,3,4,3,2,0,1,0,0,0,1,0,0,4,2,1,1,2,F
526,0,0,1,0,4,4,1,3,0,1,0,0,1,1,1,0,4,4,1,2,5,A
527,1,1,0,0,4,1,1,1,0,0,0,0,1,1,1,1,4,2,1,2,5,B
528,0,0,1,0,2,2,4,3,0,0,0,0,1,1,0,0,5,1,2,2,3,D
529,1,1,0,0,2,2,1,1,0,1,1,0,1,1,1,0,5,1,1,2,5,F
530,1,0,1,0,4,4,2,1,0,1,0,0,1,1,0,0,5,1,1,2,5,D
531,0,0,0,0,3,3,1,1,0,1,0,1,1,1,1,0,4,1,5,5,3,F
532,0,0,0,0,1,1,3,2,0,0,0,0,1,1,1,1,5,1,3,3,1,D
533,0,0,0,0,2,1,2,2,0,0,0,0,0,1,1,1,4,2,1,4,5,F
534,1,0,1,0,2,1,1,2,0,0,0,0,1,1,1,1,3,2,1,1,3,A
535,0,0,1,0,4,4,1,1,0,1,0,0,1,1,1,0,4,1,2,5,5,C
536,0,1,0,0,1,2,3,2,0,1,0,1,1,1,0,0,5,5,1,3,5,D
537,0,0,1,1,2,2,3,4,0,1,0,1,1,1,0,0,5,4,2,3,5,B
538,0,0,1,1,2,1,1,1,0,0,0,1,1,1,1,0,4,3,1,2,5,C
539,1,1,1,0,2,2,1,3,0,1,0,0,0,1,0,1,4,3,2,2,5,D
540,1,0,1,0,4,1,2,2,0,1,0,1,1,1,1,0,1,2,2,2,1,D
541,1,0,0,0,3,2,2,1,0,0,0,0,1,1,0,1,4,3,2,2,1,D
542,1,1,0,0,2,2,2,2,1,0,1,0,1,1,0,0,5,1,1,1,5,D
543,1,0,0,0,4,4,2,3,0,1,0,0,1,1,1,1,5,3,1,4,5,C
544,0,1,0,0,4,4,3,1,0,0,0,1,1,1,1,1,3,3,1,3,5,F
545,0,1,1,0,1,3,2,1,0,0,0,1,1,1,0,1,5,1,3,3,5,C
546,0,0,0,0,3,4,1,2,0,1,0,1,0,1,1,1,5,4,3,4,5,F
547,1,0,0,0,4,4,1,2,0,1,0,0,1,1,1,0,5,2,1,1,5,A
548,0,1,1,0,4,1,1,1,0,0,0,0,1,1,1,0,4,1,2,1,2,D
549,1,0,0,1,1,1,1,2,0,0,0,1,1,1,1,1,4,5,1,2,3,D
550,1,1,0,0,4,2,2,2,1,1,0,0,0,1,1,0,4,3,2,3,5,A
551,0,0,1,1,2,2,2,2,0,1,0,0,0,1,1,1,4,1,2,2,5,C
552,0,0,0,0,3,2,2,2,0,1,1,0,1,1,1,0,4,1,2,2,1,C
553,0,0,0,0,1,1,1,2,0,1,0,1,1,0,1,0,4,4,3,4,4,D
554,0,0,1,1,1,0,1,1,0,0,0,0,1,1,0,1,4,1,1,1,5,C
555,1,1,0,0,1,1,2,1,0,1,0,1,1,0,1,1,3,5,2,2,4,D
556,1,1,0,0,1,2,1,3,1,1,0,0,0,1,1,1,4,3,1,1,3,C
557,0,1,1,0,1,2,1,1,0,0,0,0,1,1,0,0,4,4,2,4,5,D
558,1,1,0,0,3,1,2,2,0,1,0,1,0,1,1,1,5,4,1,1,5,D
559,0,1,0,0,2,2,2,1,0,0,0,1,1,0,0,1,5,5,3,5,5,D
560,0,1,0,0,1,0,3,1,1,1,0,0,1,1,0,0,4,3,1,1,4,C
561,0,1,0,0,1,1,2,1,0,1,0,1,0,1,1,1,4,5,1,3,2,D
562,0,0,1,0,1,1,2,2,0,1,0,1,1,1,0,0,4,3,1,4,5,D
563,1,1,1,0,2,2,1,2,0,0,0,1,1,1,0,1,5,4,1,1,1,C
564,0,0,0,0,2,2,1,1,0,0,0,1,1,1,0,1,1,2,2,3,5,F
565,0,1,0,0,3,2,2,1,0,0,0,0,1,1,1,0,4,5,2,3,5,D
566,0,1,1,0,1,1,2,1,0,0,0,1,1,1,1,0,4,5,2,4,5,F
567,0,1,0,0,1,1,2,1,0,1,0,0,1,0,1,1,5,3,2,3,5,F
568,0,1,0,0,3,2,1,1,0,0,0,0,1,0,1,0,2,3,2,2,5,F
569,0,0,0,0,3,2,2,1,0,0,0,1,1,1,0,0,3,2,1,1,3,F
570,0,0,0,0,3,3,1,2,0,1,0,1,1,0,1,0,4,4,1,3,3,F
571,0,1,0,0,2,2,2,1,0,1,0,1,1,1,1,1,5,4,2,4,4,F
572,0,0,0,0,2,1,2,1,0,0,0,1,0,0,1,1,4,4,1,3,5,F
573,1,0,0,1,3,2,2,2,0,1,0,1,1,1,0,1,2,5,1,1,1,F
574,1,0,0,0,1,1,1,1,0,1,0,1,1,1,0,0,4,3,1,2,5,D
575,0,1,0,0,1,1,2,1,0,1,0,0,1,0,1,1,4,4,2,4,4,D
576,1,1,0,1,4,3,1,1,0,1,0,0,1,1,1,0,5,4,3,4,2,D
577,0,1,0,0,3,2,2,1,0,1,0,0,0,1,1,0,2,5,5,5,5,D
578,0,1,0,0,1,1,3,2,0,0,0,0,1,1,1,0,5,4,3,3,2,D
579,0,0,0,0,3,3,2,2,0,1,0,0,1,1,1,0,4,5,2,3,3,D
580,0,0,1,0,1,3,1,1,0,0,0,0,1,0,1,1,4,3,2,3,3,F
581,0,1,0,0,1,1,3,1,0,1,0,0,1,1,1,0,4,4,3,3,5,D
582,1,0,0,1,1,2,2,2,0,1,0,0,1,1,0,0,4,3,1,1,5,F
583,1,0,1,1,1,1,1,1,0,1,0,0,1,0,0,0,1,4,1,1,5,F
584,1,1,0,0,2,2,2,1,0,0,0,0,1,0,1,1,5,5,1,1,3,F
585,1,1,0,0,0,0,2,1,0,1,0,0,1,1,1,0,4,4,1,1,5,D
586,1,1,1,1,3,1,2,3,0,1,1,0,1,0,0,0,4,2,2,2,3,F
587,1,0,0,0,4,2,1,2,1,1,0,1,1,1,1,0,5,5,1,3,5,F
588,1,1,1,0,2,2,1,2,0,1,0,1,1,1,1,0,2,3,1,2,4,F
589,1,0,0,0,4,1,1,1,0,1,0,0,1,1,0,1,3,2,1,1,5,F
590,1,0,1,0,1,2,1,1,0,0,0,0,1,1,1,0,5,5,1,1,3,D
591,1,0,0,0,1,1,3,2,0,0,0,1,1,1,0,1,3,4,2,2,5,F
592,1,0,0,0,2,2,2,2,0,0,0,1,0,1,1,0,4,3,1,1,1,B
593,1,0,0,0,3,3,2,1,0,1,0,0,1,1,1,0,4,4,1,1,4,C
594,1,0,1,1,1,2,2,2,0,0,0,0,1,1,1,0,4,4,1,2,4,B
595,1,0,0,0,4,4,2,2,0,0,0,1,0,1,1,0,4,3,1,2,1,A
596,0,0,1,0,4,4,1,1,0,1,0,1,1,1,1,0,5,4,1,1,5,A
597,1,0,0,0,4,2,2,2,0,1,0,0,1,1,1,0,4,3,1,2,4,A
598,1,1,0,0,2,2,3,2,0,0,0,1,1,1,0,1,4,3,1,1,4,F
599,0,0,1,0,1,2,2,1,0,1,0,0,0,1,0,0,4,1,5,5,1,D
600,0,1,0,0,4,4,3,1,0,1,1,1,1,1,1,1,2,5,1,1,1,B
601,0,1,0,0,1,1,3,1,0,0,0,0,0,0,0,0,4,2,3,4,4,B
602,1,0,0,0,2,2,2,2,0,1,0,0,0,1,1,1,1,3,1,1,2,D
603,1,0,1,0,2,2,2,3,0,0,0,0,1,1,1,1,5,4,1,4,3,C
604,1,1,1,1,4,2,1,2,0,0,0,1,1,1,1,1,5,3,1,1,5,F
605,1,0,0,0,1,1,3,2,0,0,0,0,1,0,0,0,4,4,1,2,2,D
606,1,0,0,0,1,1,2,1,0,0,0,0,1,0,0,0,5,5,2,3,2,F
607,1,0,0,0,4,2,2,4,0,0,0,0,1,1,1,1,4,2,3,1,5,A
608,1,1,1,1,2,1,2,2,0,0,0,1,1,1,1,1,5,3,1,2,2,C
609,1,0,1,1,1,1,1,2,0,0,0,0,1,1,0,1,5,2,1,2,3,D
610,1,0,0,0,1,2,2,2,0,1,0,0,1,0,0,0,4,1,1,1,4,C
611,1,1,0,1,1,1,2,2,0,1,0,1,1,0,0,1,3,5,1,4,1,F
612,1,1,0,0,2,2,2,3,0,0,0,0,1,1,1,1,4,2,1,1,4,B
613,0,1,0,0,4,3,2,2,0,1,1,1,0,1,1,1,4,5,1,3,2,D
614,1,0,0,0,3,3,1,2,0,1,0,0,1,1,0,1,5,3,1,1,5,D
615,1,1,0,0,4,4,2,2,0,1,1,1,1,1,1,0,4,3,1,2,5,C
616,1,0,1,1,3,2,2,2,0,0,0,0,1,1,0,1,1,2,1,2,5,B
617,0,0,1,0,1,1,2,1,0,0,0,0,0,1,1,1,3,3,1,2,3,B
618,1,0,1,0,1,1,2,3,0,0,0,0,1,1,1,0,5,3,1,1,4,A
619,1,1,1,1,1,2,3,2,0,0,0,0,1,1,0,1,4,3,1,4,5,B
620,1,0,0,0,3,3,2,2,0,1,0,0,1,1,1,1,4,3,1,3,3,C
621,1,0,1,0,4,4,1,2,0,1,0,1,1,1,1,1,2,3,1,1,1,B
622,1,1,0,0,1,2,2,2,0,0,0,0,0,1,0,0,3,2,1,2,3,C
623,0,1,0,0,1,3,2,2,0,1,1,0,1,1,0,0,3,3,2,4,3,F
624,0,0,1,0,4,4,2,3,0,0,0,0,1,1,1,1,4,2,2,2,5,A
625,1,1,0,0,1,1,3,1,0,1,0,0,1,1,1,1,5,2,1,2,1,F
626,1,0,0,0,2,3,2,1,0,1,0,0,1,1,1,1,5,2,1,2,4,D
627,1,1,0,0,4,4,3,2,0,1,0,0,0,1,1,1,3,2,4,2,5,F
628,0,1,1,0,1,2,3,1,0,1,0,1,1,0,1,1,4,3,2,3,3,D
629,1,0,0,0,2,2,1,3,0,0,0,1,1,1,0,1,3,4,1,1,3,C
630,1,1,0,0,1,2,1,1,0,0,0,1,1,1,1,0,3,5,1,3,1,F
631,1,1,1,0,4,4,2,3,0,0,0,0,1,1,1,0,5,4,1,1,1,A
632,1,1,0,0,1,1,4,3,0,0,0,0,1,1,1,0,4,3,1,2,4,C
633,1,1,0,0,1,1,2,2,0,1,0,0,1,1,1,1,4,3,1,1,3,F
634,1,1,1,0,4,4,1,2,0,0,0,1,1,1,1,0,5,4,3,4,2,B
635,1,0,0,0,3,3,1,2,0,0,0,0,1,1,1,1,4,1,1,2,1,A
636,1,1,0,0,3,1,1,2,0,1,0,1,0,1,1,0,4,5,2,3,1,F
637,0,0,0,0,4,4,1,2,0,0,0,1,0,1,1,0,3,2,1,4,2,A
638,0,1,0,0,2,1,2,1,0,0,0,1,0,1,1,1,4,4,1,3,5,F
639,0,0,0,0,2,3,2,2,0,0,0,1,1,1,1,0,4,4,1,1,3,A
640,0,1,0,0,1,1,2,1,0,0,0,0,1,1,0,0,4,3,1,3,5,F
641,0,1,0,0,4,2,2,1,0,0,1,0,1,1,0,0,5,4,4,3,3,F
642,1,1,0,0,2,2,2,3,0,0,0,0,1,1,0,0,5,3,1,3,4,B
643,1,0,0,0,4,3,2,2,0,0,0,0,1,1,1,0,5,5,1,1,1,D
644,1,1,0,0,4,4,3,1,0,1,0,1,1,1,1,1,4,4,2,2,5,D
645,1,1,0,0,2,3,1,3,0,0,0,1,0,1,1,0,5,4,1,2,5,D
646,1,0,1,0,3,1,1,2,0,1,0,0,1,1,1,0,4,3,1,1,1,A
647,1,0,0,0,1,1,2,2,0,0,0,1,1,1,0,0,1,1,1,1,5,F
648,0,0,1,0,3,1,2,1,0,0,0,0,0,1,1,0,2,4,3,4,2,D
649,0,1,1,0,3,2,3,1,0,0,0,0,0,1,1,0,4,4,3,4,5,D
